_id,Auction Name,Delivery Year,Capacity Awarded,Forecast Cost_GBP
1,2016-17 (TR) Transitional Capacity Auction,2016/2017,802.71,22074525.0
2,2017-18 (TR) Transitional Capacity Auction,2017/2018,312.171,14047695.0
3,2017-18 (T-1) One Year Ahead Capacity Auction,2017/2018,54433.634,378313756.3
4,2018-19 (T-1) One Year Ahead Capacity Auction,2018/2019,5798.214,34789284.0
5,2019-20 (T-1) One Year Ahead Capacity Auction,2019/2020,3626.196,2792170.92
6,2020-21 (T-1) One Year Ahead Capacity Auction,2020/2021,1024.409,1024409.0
7,2021-22 (T-1) One Year Ahead Capacity Auction,2021/2022,2252.116,101345220.0
8,2022-23 (T-1) One Year Ahead Capacity Auction,2022/2023,4996.224,374716800.0
9,2023-24 (T-1) One Year Ahead Capacity Auction,2023/2024,5782.777,346966620.0
10,2024-25 (T-1) One Year Ahead Capacity Auction,2024/2025,7639.609,273421606.1
11,2025-26 (T-1) One Year Ahead Capacity Auction,2025/2026,7936.289,158725780.0
12,2026-27 (T-1) One Year Ahead Capacity Auction,2026/2027,7192.317,35961585.0
13,2018-19 (T-4) Four Year Ahead Capacity Auction,2018/2019,49258.938,955623397.2
14,2018-19 (T-4) Four Year Ahead Capacity Auction,2019/2020,5524.317,107171749.8
15,2018-19 (T-4) Four Year Ahead Capacity Auction,2020/2021,5524.317,107171749.8
16,2018-19 (T-4) Four Year Ahead Capacity Auction,2021/2022,2423.296,47011942.4
17,2018-19 (T-4) Four Year Ahead Capacity Auction,2022/2023,2423.296,47011942.4
18,2018-19 (T-4) Four Year Ahead Capacity Auction,2023/2024,2423.296,47011942.4
19,2018-19 (T-4) Four Year Ahead Capacity Auction,2024/2025,2423.296,47011942.4
20,2018-19 (T-4) Four Year Ahead Capacity Auction,2025/2026,2423.296,47011942.4
21,2018-19 (T-4) Four Year Ahead Capacity Auction,2026/2027,2423.296,47011942.4
22,2018-19 (T-4) Four Year Ahead Capacity Auction,2027/2028,2423.296,47011942.4
23,2018-19 (T-4) Four Year Ahead Capacity Auction,2028/2029,2423.296,47011942.4
24,2018-19 (T-4) Four Year Ahead Capacity Auction,2029/2030,2423.296,47011942.4
25,2018-19 (T-4) Four Year Ahead Capacity Auction,2030/2031,2423.296,47011942.4
26,2018-19 (T-4) Four Year Ahead Capacity Auction,2031/2032,2423.296,47011942.4
27,2018-19 (T-4) Four Year Ahead Capacity Auction,2032/2033,2391.004,46385477.6
28,2019-20 (T-4) Four Year Ahead Capacity Auction,2019/2020,46353.569,834364242.0
29,2019-20 (T-4) Four Year Ahead Capacity Auction,2020/2021,982.52,17685360.0
30,2019-20 (T-4) Four Year Ahead Capacity Auction,2021/2022,982.52,17685360.0
31,2019-20 (T-4) Four Year Ahead Capacity Auction,2022/2023,982.52,17685360.0
32,2019-20 (T-4) Four Year Ahead Capacity Auction,2023/2024,982.52,17685360.0
33,2019-20 (T-4) Four Year Ahead Capacity Auction,2024/2025,982.52,17685360.0
34,2019-20 (T-4) Four Year Ahead Capacity Auction,2025/2026,982.52,17685360.0
35,2019-20 (T-4) Four Year Ahead Capacity Auction,2026/2027,982.52,17685360.0
36,2019-20 (T-4) Four Year Ahead Capacity Auction,2027/2028,982.52,17685360.0
37,2019-20 (T-4) Four Year Ahead Capacity Auction,2028/2029,982.52,17685360.0
38,2019-20 (T-4) Four Year Ahead Capacity Auction,2029/2030,982.52,17685360.0
39,2019-20 (T-4) Four Year Ahead Capacity Auction,2030/2031,982.52,17685360.0
40,2019-20 (T-4) Four Year Ahead Capacity Auction,2031/2032,982.52,17685360.0
41,2019-20 (T-4) Four Year Ahead Capacity Auction,2032/2033,982.52,17685360.0
42,2019-20 (T-4) Four Year Ahead Capacity Auction,2033/2034,969.6,17452800.0
43,2020-21 (T-4) Four Year Ahead Capacity Auction,2020/2021,52425.302,1179569295.0
44,2020-21 (T-4) Four Year Ahead Capacity Auction,2021/2022,2648.756,59597010.0
45,2020-21 (T-4) Four Year Ahead Capacity Auction,2022/2023,2648.756,59597010.0
46,2020-21 (T-4) Four Year Ahead Capacity Auction,2023/2024,2648.756,59597010.0
47,2020-21 (T-4) Four Year Ahead Capacity Auction,2024/2025,2648.756,59597010.0
48,2020-21 (T-4) Four Year Ahead Capacity Auction,2025/2026,2648.756,59597010.0
49,2020-21 (T-4) Four Year Ahead Capacity Auction,2026/2027,2648.756,59597010.0
50,2020-21 (T-4) Four Year Ahead Capacity Auction,2027/2028,2648.756,59597010.0
51,2020-21 (T-4) Four Year Ahead Capacity Auction,2028/2029,2648.756,59597010.0
52,2020-21 (T-4) Four Year Ahead Capacity Auction,2029/2030,2648.756,59597010.0
53,2020-21 (T-4) Four Year Ahead Capacity Auction,2030/2031,2648.756,59597010.0
54,2020-21 (T-4) Four Year Ahead Capacity Auction,2031/2032,2648.756,59597010.0
55,2020-21 (T-4) Four Year Ahead Capacity Auction,2032/2033,2615.359,58845577.5
56,2020-21 (T-4) Four Year Ahead Capacity Auction,2033/2034,2615.359,58845577.5
57,2020-21 (T-4) Four Year Ahead Capacity Auction,2034/2035,2615.359,58845577.5
58,2021-22 (T-4) Four Year Ahead Capacity Auction,2021/2022,50415.403,423489385.2
59,2021-22 (T-4) Four Year Ahead Capacity Auction,2022/2023,657.945,5526738.0
60,2021-22 (T-4) Four Year Ahead Capacity Auction,2023/2024,657.945,5526738.0
61,2021-22 (T-4) Four Year Ahead Capacity Auction,2024/2025,650.361,5463032.4
62,2021-22 (T-4) Four Year Ahead Capacity Auction,2025/2026,649.632,5456908.8
63,2021-22 (T-4) Four Year Ahead Capacity Auction,2026/2027,649.632,5456908.8
64,2021-22 (T-4) Four Year Ahead Capacity Auction,2027/2028,649.632,5456908.8
65,2021-22 (T-4) Four Year Ahead Capacity Auction,2028/2029,649.632,5456908.8
66,2021-22 (T-4) Four Year Ahead Capacity Auction,2029/2030,649.632,5456908.8
67,2021-22 (T-4) Four Year Ahead Capacity Auction,2030/2031,649.632,5456908.8
68,2021-22 (T-4) Four Year Ahead Capacity Auction,2031/2032,649.632,5456908.8
69,2021-22 (T-4) Four Year Ahead Capacity Auction,2032/2033,649.632,5456908.8
70,2021-22 (T-4) Four Year Ahead Capacity Auction,2033/2034,648.022,5443384.8
71,2021-22 (T-4) Four Year Ahead Capacity Auction,2034/2035,648.022,5443384.8
72,2021-22 (T-4) Four Year Ahead Capacity Auction,2035/2036,639.633,5372917.2
73,2022-23 (T-3) Three Year Ahead Capacity Auction,2022/2023,45058.832,290178878.1
74,2022-23 (T-3) Three Year Ahead Capacity Auction,2023/2024,214.984,1384496.96
75,2022-23 (T-3) Three Year Ahead Capacity Auction,2024/2025,214.984,1384496.96
76,2022-23 (T-3) Three Year Ahead Capacity Auction,2025/2026,212.083,1365814.52
77,2022-23 (T-3) Three Year Ahead Capacity Auction,2026/2027,212.083,1365814.52
78,2022-23 (T-3) Three Year Ahead Capacity Auction,2027/2028,212.083,1365814.52
79,2022-23 (T-3) Three Year Ahead Capacity Auction,2028/2029,212.083,1365814.52
80,2022-23 (T-3) Three Year Ahead Capacity Auction,2029/2030,212.083,1365814.52
81,2022-23 (T-3) Three Year Ahead Capacity Auction,2030/2031,212.083,1365814.52
82,2022-23 (T-3) Three Year Ahead Capacity Auction,2031/2032,212.083,1365814.52
83,2022-23 (T-3) Three Year Ahead Capacity Auction,2032/2033,212.083,1365814.52
84,2022-23 (T-3) Three Year Ahead Capacity Auction,2033/2034,212.083,1365814.52
85,2022-23 (T-3) Three Year Ahead Capacity Auction,2034/2035,208.114,1340254.16
86,2022-23 (T-3) Three Year Ahead Capacity Auction,2035/2036,208.114,1340254.16
87,2022-23 (T-3) Three Year Ahead Capacity Auction,2036/2037,208.114,1340254.16
88,2023-24 (T-4) Four Year Ahead Capacity Auction,2023/2024,43748.988,698671338.4
89,2023-24 (T-4) Four Year Ahead Capacity Auction,2024/2025,1626.577,25976434.69
90,2023-24 (T-4) Four Year Ahead Capacity Auction,2025/2026,1626.577,25976434.69
91,2023-24 (T-4) Four Year Ahead Capacity Auction,2026/2027,1623.728,25930936.16
92,2023-24 (T-4) Four Year Ahead Capacity Auction,2027/2028,1623.728,25930936.16
93,2023-24 (T-4) Four Year Ahead Capacity Auction,2028/2029,1614.718,25787046.46
94,2023-24 (T-4) Four Year Ahead Capacity Auction,2029/2030,1614.718,25787046.46
95,2023-24 (T-4) Four Year Ahead Capacity Auction,2030/2031,1614.718,25787046.46
96,2023-24 (T-4) Four Year Ahead Capacity Auction,2031/2032,1614.718,25787046.46
97,2023-24 (T-4) Four Year Ahead Capacity Auction,2032/2033,1614.718,25787046.46
98,2023-24 (T-4) Four Year Ahead Capacity Auction,2033/2034,1614.718,25787046.46
99,2023-24 (T-4) Four Year Ahead Capacity Auction,2034/2035,1614.718,25787046.46
100,2023-24 (T-4) Four Year Ahead Capacity Auction,2035/2036,1614.718,25787046.46
101,2023-24 (T-4) Four Year Ahead Capacity Auction,2036/2037,1614.718,25787046.46
102,2023-24 (T-4) Four Year Ahead Capacity Auction,2037/2038,1614.718,25787046.46
103,2024-25 (T-4) Four Year Ahead Capacity Auction,2024/2025,40819.895,734758110.0
104,2024-25 (T-4) Four Year Ahead Capacity Auction,2025/2026,1602.062,28837116.0
105,2024-25 (T-4) Four Year Ahead Capacity Auction,2026/2027,1602.062,28837116.0
106,2024-25 (T-4) Four Year Ahead Capacity Auction,2027/2028,1602.062,28837116.0
107,2024-25 (T-4) Four Year Ahead Capacity Auction,2028/2029,1602.062,28837116.0
108,2024-25 (T-4) Four Year Ahead Capacity Auction,2029/2030,1602.062,28837116.0
109,2024-25 (T-4) Four Year Ahead Capacity Auction,2030/2031,1602.062,28837116.0
110,2024-25 (T-4) Four Year Ahead Capacity Auction,2031/2032,1602.062,28837116.0
111,2024-25 (T-4) Four Year Ahead Capacity Auction,2032/2033,1602.062,28837116.0
112,2024-25 (T-4) Four Year Ahead Capacity Auction,2033/2034,1602.062,28837116.0
113,2024-25 (T-4) Four Year Ahead Capacity Auction,2034/2035,1602.062,28837116.0
114,2024-25 (T-4) Four Year Ahead Capacity Auction,2035/2036,1599.069,28783242.0
115,2024-25 (T-4) Four Year Ahead Capacity Auction,2036/2037,1596.076,28729368.0
116,2024-25 (T-4) Four Year Ahead Capacity Auction,2037/2038,1596.076,28729368.0
117,2024-25 (T-4) Four Year Ahead Capacity Auction,2038/2039,1596.076,28729368.0
118,2025-26 (T-4) Four Year Ahead Capacity Auction,2025/2026,42364.314,1295924365.0
119,2025-26 (T-4) Four Year Ahead Capacity Auction,2026/2027,1989.359,60854491.81
120,2025-26 (T-4) Four Year Ahead Capacity Auction,2027/2028,1989.359,60854491.81
121,2025-26 (T-4) Four Year Ahead Capacity Auction,2028/2029,1969.494,60246821.46
122,2025-26 (T-4) Four Year Ahead Capacity Auction,2029/2030,1969.494,60246821.46
123,2025-26 (T-4) Four Year Ahead Capacity Auction,2030/2031,1964.673,60099347.07
124,2025-26 (T-4) Four Year Ahead Capacity Auction,2031/2032,1964.673,60099347.07
125,2025-26 (T-4) Four Year Ahead Capacity Auction,2032/2033,1964.673,60099347.07
126,2025-26 (T-4) Four Year Ahead Capacity Auction,2033/2034,1962.182,60023147.38
127,2025-26 (T-4) Four Year Ahead Capacity Auction,2034/2035,1962.182,60023147.38
128,2025-26 (T-4) Four Year Ahead Capacity Auction,2035/2036,1958.954,59924402.86
129,2025-26 (T-4) Four Year Ahead Capacity Auction,2036/2037,1958.954,59924402.86
130,2025-26 (T-4) Four Year Ahead Capacity Auction,2037/2038,1958.045,59896596.55
131,2025-26 (T-4) Four Year Ahead Capacity Auction,2038/2039,1958.045,59896596.55
132,2025-26 (T-4) Four Year Ahead Capacity Auction,2039/2040,1958.045,59896596.55
133,2026-27 (T-4) Four Year Ahead Capacity Auction,2026/2027,43000.955,2709060165.0
134,2026-27 (T-4) Four Year Ahead Capacity Auction,2027/2028,3444.623,217011249.0
135,2026-27 (T-4) Four Year Ahead Capacity Auction,2028/2029,3444.623,217011249.0
136,2026-27 (T-4) Four Year Ahead Capacity Auction,2029/2030,3436.825,216519975.0
137,2026-27 (T-4) Four Year Ahead Capacity Auction,2030/2031,3436.825,216519975.0
138,2026-27 (T-4) Four Year Ahead Capacity Auction,2031/2032,3436.825,216519975.0
139,2026-27 (T-4) Four Year Ahead Capacity Auction,2032/2033,3423.234,215663742.0
140,2026-27 (T-4) Four Year Ahead Capacity Auction,2033/2034,3414.966,215142858.0
141,2026-27 (T-4) Four Year Ahead Capacity Auction,2034/2035,3414.966,215142858.0
142,2026-27 (T-4) Four Year Ahead Capacity Auction,2035/2036,3414.966,215142858.0
143,2026-27 (T-4) Four Year Ahead Capacity Auction,2036/2037,3414.966,215142858.0
144,2026-27 (T-4) Four Year Ahead Capacity Auction,2037/2038,3414.966,215142858.0
145,2026-27 (T-4) Four Year Ahead Capacity Auction,2038/2039,3412.623,214995249.0
146,2026-27 (T-4) Four Year Ahead Capacity Auction,2039/2040,3412.623,214995249.0
147,2026-27 (T-4) Four Year Ahead Capacity Auction,2040/2041,3412.623,214995249.0
148,2027-28 (T-4) Four Year Ahead Capacity Auction,2027/2028,42830.829,2784003885.0
149,2027-28 (T-4) Four Year Ahead Capacity Auction,2028/2029,1824.272,118577680.0
150,2027-28 (T-4) Four Year Ahead Capacity Auction,2029/2030,1824.272,118577680.0
151,2027-28 (T-4) Four Year Ahead Capacity Auction,2030/2031,1824.272,118577680.0
152,2027-28 (T-4) Four Year Ahead Capacity Auction,2031/2032,1824.272,118577680.0
153,2027-28 (T-4) Four Year Ahead Capacity Auction,2032/2033,1824.272,118577680.0
154,2027-28 (T-4) Four Year Ahead Capacity Auction,2033/2034,1821.982,118428830.0
155,2027-28 (T-4) Four Year Ahead Capacity Auction,2034/2035,1821.982,118428830.0
156,2027-28 (T-4) Four Year Ahead Capacity Auction,2035/2036,1821.982,118428830.0
157,2027-28 (T-4) Four Year Ahead Capacity Auction,2036/2037,1821.982,118428830.0
158,2027-28 (T-4) Four Year Ahead Capacity Auction,2037/2038,1821.982,118428830.0
159,2027-28 (T-4) Four Year Ahead Capacity Auction,2038/2039,1821.982,118428830.0
160,2027-28 (T-4) Four Year Ahead Capacity Auction,2039/2040,1821.982,118428830.0
161,2027-28 (T-4) Four Year Ahead Capacity Auction,2040/2041,1821.982,118428830.0
162,2027-28 (T-4) Four Year Ahead Capacity Auction,2041/2042,1821.982,118428830.0
163,2028-29 (T-4) Four Year Ahead Capacity Auction,2028/2029,43055.073,2583304380.0
164,2028-29 (T-4) Four Year Ahead Capacity Auction,2029/2030,3533.134,211988040.0
165,2028-29 (T-4) Four Year Ahead Capacity Auction,2030/2031,3533.134,211988040.0
166,2028-29 (T-4) Four Year Ahead Capacity Auction,2031/2032,3525.805,211548300.0
167,2028-29 (T-4) Four Year Ahead Capacity Auction,2032/2033,3525.805,211548300.0
168,2028-29 (T-4) Four Year Ahead Capacity Auction,2033/2034,3525.805,211548300.0
169,2028-29 (T-4) Four Year Ahead Capacity Auction,2034/2035,3522.579,211354740.0
170,2028-29 (T-4) Four Year Ahead Capacity Auction,2035/2036,3458.737,207524220.0
171,2028-29 (T-4) Four Year Ahead Capacity Auction,2036/2037,3458.737,207524220.0
172,2028-29 (T-4) Four Year Ahead Capacity Auction,2037/2038,3458.737,207524220.0
173,2028-29 (T-4) Four Year Ahead Capacity Auction,2038/2039,3457.482,207448920.0
174,2028-29 (T-4) Four Year Ahead Capacity Auction,2039/2040,3457.482,207448920.0
175,2028-29 (T-4) Four Year Ahead Capacity Auction,2040/2041,3457.482,207448920.0
176,2028-29 (T-4) Four Year Ahead Capacity Auction,2041/2042,3457.482,207448920.0
177,2028-29 (T-4) Four Year Ahead Capacity Auction,2042/2043,3457.482,207448920.0
178,2029-30 (T-4) Four Year Ahead Capacity Auction,2029/2030,40108.608,1086943277.0
179,2029-30 (T-4) Four Year Ahead Capacity Auction,2030/2031,2862.126,77563614.6
180,2029-30 (T-4) Four Year Ahead Capacity Auction,2031/2032,2862.126,77563614.6
181,2029-30 (T-4) Four Year Ahead Capacity Auction,2032/2033,1189.525,32236127.5
182,2029-30 (T-4) Four Year Ahead Capacity Auction,2033/2034,1189.525,32236127.5
183,2029-30 (T-4) Four Year Ahead Capacity Auction,2034/2035,1189.525,32236127.5
184,2029-30 (T-4) Four Year Ahead Capacity Auction,2035/2036,1189.525,32236127.5
185,2029-30 (T-4) Four Year Ahead Capacity Auction,2036/2037,1189.525,32236127.5
186,2029-30 (T-4) Four Year Ahead Capacity Auction,2037/2038,1189.525,32236127.5
187,2029-30 (T-4) Four Year Ahead Capacity Auction,2038/2039,1188.525,32209027.5
188,2029-30 (T-4) Four Year Ahead Capacity Auction,2039/2040,1188.525,32209027.5
189,2029-30 (T-4) Four Year Ahead Capacity Auction,2040/2041,1188.525,32209027.5
190,2029-30 (T-4) Four Year Ahead Capacity Auction,2041/2042,1166.965,31624751.5
191,2029-30 (T-4) Four Year Ahead Capacity Auction,2042/2043,1166.965,31624751.5
192,2029-30 (T-4) Four Year Ahead Capacity Auction,2043/2044,1166.965,31624751.5
