month,auctionProduct,serviceType,blocks,hours,avg_cleared_mw,timeavg_price_gbp_per_mw_h
2023-11,DCH,Response,169,676.0,1023.491124260355,1.8433727810650886
2023-11,DCL,Response,169,676.0,913.2662721893491,2.1344970414201185
2023-11,DMH,Response,169,676.0,155.5976331360947,0.2430769230769231
2023-11,DML,Response,169,676.0,145.4852071005917,4.362307692307692
2023-11,DRH,Response,169,676.0,286.1775147928994,-4.401597633136094
2023-11,DRL,Response,169,676.0,227.59171597633136,12.440177514792898
2023-12,DCH,Response,186,744.0,1106.6774193548388,1.4815591397849461
2023-12,DCL,Response,186,744.0,916.489247311828,1.282741935483871
2023-12,DMH,Response,186,744.0,158.74193548387098,0.4467204301075269
2023-12,DML,Response,186,744.0,148.18279569892474,3.709892473118279
2023-12,DRH,Response,186,744.0,341.69354838709677,-4.149946236559139
2023-12,DRL,Response,186,744.0,240.58602150537635,10.256827956989246
2024-01,DCH,Response,186,744.0,1093.016129032258,1.2725806451612902
2024-01,DCL,Response,186,744.0,923.4301075268817,1.5072043010752687
2024-01,DMH,Response,186,744.0,171.67741935483872,-0.26548387096774195
2024-01,DML,Response,186,744.0,155.50537634408602,3.495
2024-01,DRH,Response,186,744.0,346.5967741935484,-5.8947311827957
2024-01,DRL,Response,186,744.0,231.93548387096774,10.221505376344087
2024-02,DCH,Response,174,696.0,1147.2701149425288,1.2828735632183907
2024-02,DCL,Response,174,696.0,960.0977011494252,1.161609195402299
2024-02,DMH,Response,174,696.0,159.33908045977012,0.2786206896551724
2024-02,DML,Response,174,696.0,149.9367816091954,2.504195402298851
2024-02,DRH,Response,174,696.0,348.12068965517244,-4.224080459770115
2024-02,DRL,Response,174,696.0,281.05172413793105,6.942988505747126
2024-03,DCH,Response,186,743.0,1262.3172043010752,2.2414670255720055
2024-03,DCL,Response,186,743.0,1047.725806451613,1.498129205921938
2024-03,DMH,Response,186,743.0,157.30107526881721,0.7604037685060565
2024-03,DML,Response,186,743.0,152.78494623655914,3.145814266487214
2024-03,DRH,Response,186,743.0,345.5967741935484,-4.057106325706594
2024-03,DRL,Response,186,743.0,292.53225806451616,6.527725437415882
2024-04,DCH,Response,180,720.0,1313.5055555555555,2.85
2024-04,DCL,Response,180,720.0,1107.7444444444445,2.1066666666666665
2024-04,DMH,Response,180,720.0,152.73888888888888,1.4121666666666666
2024-04,DML,Response,180,720.0,149.55555555555554,4.005777777777777
2024-04,DRH,Response,180,720.0,334.2111111111111,-2.0142777777777776
2024-04,DRL,Response,180,720.0,277.25555555555553,8.092166666666666
2024-05,DCH,Response,186,744.0,1309.1236559139784,1.5548387096774192
2024-05,DCL,Response,186,744.0,1161.6989247311828,1.9096236559139785
2024-05,DMH,Response,186,744.0,158.56451612903226,-0.21064516129032257
2024-05,DML,Response,186,744.0,146.6451612903226,4.063225806451613
2024-05,DRH,Response,186,744.0,348.752688172043,-5.746397849462365
2024-05,DRL,Response,186,744.0,295.51075268817203,6.825483870967742
2024-06,DCH,Response,180,720.0,1354.7944444444445,2.498111111111111
2024-06,DCL,Response,180,720.0,1209.2055555555555,2.033611111111111
2024-06,DMH,Response,180,720.0,181.85,0.9792222222222222
2024-06,DML,Response,180,720.0,160.07777777777778,4.378722222222222
2024-06,DRH,Response,180,720.0,341.96666666666664,-3.5926111111111108
2024-06,DRL,Response,180,720.0,308.97777777777776,7.784777777777777
2024-07,DCH,Response,186,744.0,1264.9569892473119,1.3667204301075269
2024-07,DCL,Response,186,744.0,1160.1935483870968,1.5325268817204303
2024-07,DMH,Response,186,744.0,218.94086021505376,0.12209677419354839
2024-07,DML,Response,186,744.0,173.3763440860215,3.9998924731182797
2024-07,DRH,Response,186,744.0,343.994623655914,-5.545376344086022
2024-07,DRL,Response,186,744.0,311.1666666666667,6.954032258064516
2024-08,DCH,Response,186,744.0,1310.1666666666667,1.890537634408602
2024-08,DCL,Response,186,744.0,1198.9516129032259,2.082956989247312
2024-08,DMH,Response,186,744.0,210.23655913978496,1.1422043010752687
2024-08,DML,Response,186,744.0,172.5,3.9540860215053764
2024-08,DRH,Response,186,744.0,343.26344086021504,-3.4178494623655915
2024-08,DRL,Response,186,744.0,310.51075268817203,8.813010752688172
2024-09,DCH,Response,180,720.0,1256.5555555555557,1.5242777777777778
2024-09,DCL,Response,180,720.0,1130.7277777777779,1.889722222222222
2024-09,DMH,Response,180,720.0,209.5888888888889,0.2881111111111111
2024-09,DML,Response,180,720.0,169.32222222222222,4.4062222222222225
2024-09,DRH,Response,180,720.0,348.2111111111111,-5.771888888888889
2024-09,DRL,Response,180,720.0,323.1388888888889,9.0495
2024-10,DCH,Response,186,745.0,1216.1666666666667,1.8239463087248322
2024-10,DCL,Response,186,745.0,1167.6182795698924,3.072268456375839
2024-10,DMH,Response,186,745.0,207.60752688172042,0.4893288590604027
2024-10,DML,Response,186,745.0,164.48387096774192,5.380711409395973
2024-10,DRH,Response,186,745.0,348.2204301075269,-5.656536912751678
2024-10,DRL,Response,186,745.0,328.0752688172043,8.564308724832214
2024-11,DCH,Response,180,720.0,1131.9777777777779,1.4632222222222222
2024-11,DCL,Response,180,720.0,1146.3722222222223,3.297722222222222
2024-11,DMH,Response,180,720.0,215.7,0.023000000000000003
2024-11,DML,Response,180,720.0,159.88888888888889,5.535444444444445
2024-11,DRH,Response,180,720.0,348.52777777777777,-7.789055555555556
2024-11,DRL,Response,180,720.0,325.2888888888889,8.458722222222223
2024-12,DCH,Response,186,744.0,1160.5591397849462,3.211344086021506
2024-12,DCL,Response,186,744.0,1188.6290322580646,4.748225806451613
2024-12,DMH,Response,186,744.0,191.50537634408602,1.7210215053763442
2024-12,DML,Response,186,744.0,148.68279569892474,5.521290322580645
2024-12,DRH,Response,186,744.0,340.78494623655916,-3.829032258064516
2024-12,DRL,Response,186,744.0,321.0537634408602,9.875645161290322
2024-12,NQR,Quick Reserve,1346,673.0,172.9375928677563,5.107392273402675
2024-12,PQR,Quick Reserve,1346,673.0,338.9836552748886,8.768952451708767
2025-01,DCH,Response,186,744.0,1091.5967741935483,3.149139784946237
2025-01,DCL,Response,186,744.0,1134.3064516129032,5.378225806451613
2025-01,DMH,Response,186,744.0,197.3494623655914,1.4915591397849464
2025-01,DML,Response,186,744.0,143.40322580645162,5.766182795698925
2025-01,DRH,Response,186,744.0,347.10215053763443,-6.078548387096774
2025-01,DRL,Response,186,744.0,320.13978494623655,12.003064516129033
2025-01,NQR,Quick Reserve,1488,744.0,197.31586021505376,5.351270161290322
2025-01,PQR,Quick Reserve,1488,744.0,321.01344086021504,9.823400537634408
2025-02,DCH,Response,168,672.0,1127.7619047619048,3.0225
2025-02,DCL,Response,168,672.0,1153.8869047619048,4.880952380952381
2025-02,DMH,Response,168,672.0,293.76190476190476,1.9141666666666666
2025-02,DML,Response,168,672.0,266.1845238095238,9.05845238095238
2025-02,DRH,Response,168,672.0,485.73214285714283,-4.555
2025-02,DRL,Response,168,672.0,453.25,12.715714285714284
2025-02,NQR,Quick Reserve,1344,672.0,210.81473214285714,7.188928571428572
2025-02,PQR,Quick Reserve,1344,672.0,302.421875,10.486986607142857
2025-03,DCH,Response,186,743.0,1185.736559139785,3.2839838492597577
2025-03,DCL,Response,186,743.0,1248.236559139785,5.195773889636609
2025-03,DMH,Response,186,743.0,286.7741935483871,2.5911305518169585
2025-03,DML,Response,186,743.0,229.747311827957,8.30613728129206
2025-03,DRH,Response,186,743.0,486.01612903225805,-1.4904576043068642
2025-03,DRL,Response,186,743.0,451.4032258064516,12.090807537012113
2025-03,NQR,Quick Reserve,1488,744.0,233.60013440860214,5.446760752688172
2025-03,PQR,Quick Reserve,1488,744.0,338.54368279569894,8.052372311827957
2025-04,DCH,Response,180,720.0,1233.6666666666667,3.006666666666667
2025-04,DCL,Response,180,720.0,1291.75,4.378166666666667
2025-04,DMH,Response,180,720.0,296.39444444444445,2.823777777777778
2025-04,DML,Response,180,720.0,275.77777777777777,7.408111111111111
2025-04,DRH,Response,180,720.0,481.7611111111111,-0.47944444444444445
2025-04,DRL,Response,180,720.0,403.7388888888889,12.55111111111111
2025-04,NQR,Quick Reserve,1440,720.0,256.83125,5.759631944444445
2025-04,PQR,Quick Reserve,1440,720.0,360.4166666666667,6.581854166666667
2025-05,DCH,Response,186,744.0,1271.983870967742,2.4885483870967744
2025-05,DCL,Response,186,744.0,1287.7043010752689,3.9065053763440862
2025-05,DMH,Response,186,744.0,299.2204301075269,2.844193548387097
2025-05,DML,Response,186,744.0,295.6774193548387,6.415591397849462
2025-05,DRH,Response,186,744.0,487.47849462365593,-0.69747311827957
2025-05,DRL,Response,186,744.0,408.10215053763443,12.050053763440859
2025-05,NQR,Quick Reserve,1488,744.0,252.28293010752688,5.574818548387097
2025-05,PQR,Quick Reserve,1488,744.0,369.1505376344086,5.928353494623655
2025-06,DCH,Response,180,720.0,1272.9055555555556,2.6764444444444444
2025-06,DCL,Response,180,720.0,1290.6722222222222,3.4751666666666665
2025-06,DMH,Response,180,720.0,299.2055555555556,3.1719444444444447
2025-06,DML,Response,180,720.0,295.6777777777778,6.318333333333333
2025-06,DRH,Response,180,720.0,483.47777777777776,-0.33311111111111114
2025-06,DRL,Response,180,720.0,422.1333333333333,12.873166666666666
2025-06,NQR,Quick Reserve,1440,720.0,251.2138888888889,5.003597222222222
2025-06,PQR,Quick Reserve,1440,720.0,385.5,6.0142083333333325
2025-07,DCH,Response,186,744.0,1186.9354838709678,2.1145698924731184
2025-07,DCL,Response,186,744.0,1225.7096774193549,3.099086021505376
2025-07,DMH,Response,186,744.0,303.2795698924731,1.7598924731182795
2025-07,DML,Response,186,744.0,296.494623655914,6.004032258064516
2025-07,DRH,Response,186,744.0,492.38709677419354,-2.8636021505376346
2025-07,DRL,Response,186,744.0,460.4731182795699,13.441881720430107
2025-07,NQR,Quick Reserve,1488,744.0,281.44086021505376,4.307896505376344
2025-07,PQR,Quick Reserve,1488,744.0,419.49932795698925,4.974543010752688
2025-08,DCH,Response,186,744.0,1210.989247311828,2.2031720430107526
2025-08,DCL,Response,186,744.0,1246.1774193548388,3.4472580645161286
2025-08,DMH,Response,186,744.0,374.53225806451616,1.9095698924731184
2025-08,DML,Response,186,744.0,364.55913978494624,6.094677419354838
2025-08,DRH,Response,186,744.0,491.1236559139785,-2.2020430107526883
2025-08,DRL,Response,186,744.0,476.36559139784947,11.101397849462366
2025-08,NQR,Quick Reserve,1488,744.0,286.1431451612903,3.5891801075268814
2025-08,PQR,Quick Reserve,1488,744.0,429.567876344086,3.9725403225806453
2025-09,DCH,Response,180,720.0,1187.7722222222221,2.0508333333333333
2025-09,DCL,Response,180,720.0,1251.388888888889,4.151722222222222
2025-09,DMH,Response,180,720.0,420.0388888888889,2.382111111111111
2025-09,DML,Response,180,720.0,409.1,6.798166666666667
2025-09,DRH,Response,180,720.0,493.84444444444443,-1.5057777777777779
2025-09,DRL,Response,180,720.0,479.97777777777776,15.338722222222222
2025-09,NQR,Quick Reserve,1440,720.0,288.9604166666667,4.0554097222222225
2025-09,PQR,Quick Reserve,1440,720.0,422.86041666666665,4.792486111111112
2025-10,DCH,Response,186,745.0,1134.1881720430108,2.3722953020134225
2025-10,DCL,Response,186,745.0,1212.967741935484,4.205986577181208
2025-10,DMH,Response,186,745.0,528.983870967742,2.7860939597315433
2025-10,DML,Response,186,745.0,511.23655913978496,7.710295302013423
2025-10,DRH,Response,186,745.0,493.6290322580645,-1.2646174496644296
2025-10,DRL,Response,186,745.0,479.97849462365593,15.997543624161073
2025-10,NBR,Balancing Reserve,98,49.0,0.0,0.0
2025-10,NQR,Quick Reserve,1488,744.0,285.5329301075269,4.289650537634409
2025-10,PBR,Balancing Reserve,98,49.0,445.31632653061223,3.1943877551020408
2025-10,PQR,Quick Reserve,1488,744.0,423.3407258064516,4.79994623655914
2025-11,DCH,Response,180,720.0,1030.7833333333333,2.1892222222222224
2025-11,DCL,Response,180,720.0,1164.1166666666666,3.1796111111111114
2025-11,DMH,Response,180,720.0,510.1,1.6481111111111113
2025-11,DML,Response,180,720.0,493.2055555555556,6.2157222222222215
2025-11,DRH,Response,180,720.0,494.8722222222222,-3.073111111111111
2025-11,DRL,Response,180,720.0,479.64444444444445,15.766777777777778
2025-11,NBR,Balancing Reserve,1440,720.0,5.082638888888889,0.0
2025-11,NQR,Quick Reserve,1440,720.0,283.73541666666665,3.2550486111111114
2025-11,PBR,Balancing Reserve,1440,720.0,446.0375,4.5297777777777775
2025-11,PQR,Quick Reserve,1440,720.0,426.1923611111111,3.5676805555555555
2025-12,DCH,Response,186,744.0,994.9032258064516,1.455483870967742
2025-12,DCL,Response,186,744.0,1067.8387096774193,1.8647311827956987
2025-12,DMH,Response,186,744.0,536.6344086021505,0.6108064516129033
2025-12,DML,Response,186,744.0,513.747311827957,4.550376344086022
2025-12,DRH,Response,186,744.0,498.01612903225805,-4.570967741935484
2025-12,DRL,Response,186,744.0,479.97849462365593,12.663064516129031
2025-12,NBR,Balancing Reserve,1488,744.0,1.9939516129032258,0.0
2025-12,NQR,Quick Reserve,1488,744.0,293.78225806451616,2.545672043010753
2025-12,PBR,Balancing Reserve,1488,744.0,447.9778225806452,3.6096102150537637
2025-12,PQR,Quick Reserve,1488,744.0,440.34879032258067,2.9268413978494627
2026-01,DCH,Response,186,744.0,920.505376344086,1.105483870967742
2026-01,DCL,Response,186,744.0,1005.747311827957,2.309408602150538
2026-01,DMH,Response,186,744.0,543.263440860215,-0.3008064516129032
2026-01,DML,Response,186,744.0,514.3602150537635,5.519193548387096
2026-01,DRH,Response,186,744.0,499.1236559139785,-7.436129032258064
2026-01,DRL,Response,186,744.0,479.93548387096774,16.054354838709678
2026-01,NBR,Balancing Reserve,1488,744.0,0.605510752688172,0.0
2026-01,NQR,Quick Reserve,1488,744.0,300.4657258064516,2.1068010752688173
2026-01,PBR,Balancing Reserve,1488,744.0,450.4932795698925,5.043447580645161
2026-01,PQR,Quick Reserve,1488,744.0,435.4758064516129,3.381370967741936
2026-02,DCH,Response,168,672.0,948.9404761904761,0.6546428571428572
2026-02,DCL,Response,168,672.0,1012.8214285714286,1.7099404761904762
2026-02,DMH,Response,168,672.0,545.6845238095239,-0.7914285714285715
2026-02,DML,Response,168,672.0,514.922619047619,4.780357142857143
2026-02,DRH,Response,168,672.0,499.4345238095238,-7.406547619047619
2026-02,DRL,Response,168,672.0,479.8511904761905,14.457261904761905
2026-02,NBR,Balancing Reserve,1344,672.0,0.0,0.0
2026-02,NQR,Quick Reserve,1344,672.0,308.7998511904762,1.4670758928571428
2026-02,PBR,Balancing Reserve,1344,672.0,447.97544642857144,3.361636904761905
2026-02,PQR,Quick Reserve,1344,672.0,449.9449404761905,2.3121875
2026-03,DCH,Response,186,743.0,1046.3924731182797,1.1207402422611037
2026-03,DCL,Response,186,743.0,1073.0537634408602,2.8925841184387617
2026-03,DMH,Response,186,743.0,541.7043010752689,-0.14960969044414532
2026-03,DML,Response,186,743.0,514.2795698924731,6.580228802153432
2026-03,DRH,Response,186,743.0,497.86021505376345,-7.3542126514131905
2026-03,DRL,Response,186,743.0,480.005376344086,17.60663526244953
2026-03,NBR,Balancing Reserve,1488,744.0,0.0,0.0
2026-03,NQR,Quick Reserve,1488,744.0,289.38575268817203,3.2000806451612904
2026-03,NSR,Slow Reserve,4,2.0,70.0,0.0
2026-03,PBR,Balancing Reserve,1488,744.0,452.0819892473118,3.778219086021505
2026-03,PQR,Quick Reserve,1488,744.0,438.866935483871,3.784569892473118
2026-03,PSR,Slow Reserve,4,2.0,1685.0,11.0225
2026-04,DCH,Response,180,720.0,1143.9666666666667,1.8805555555555555
2026-04,DCL,Response,180,720.0,1107.1833333333334,2.7657777777777777
2026-04,DMH,Response,180,720.0,539.3277777777778,0.47805555555555557
2026-04,DML,Response,180,720.0,514.0388888888889,6.375
2026-04,DRH,Response,180,720.0,495.9222222222222,-5.825611111111111
2026-04,DRL,Response,180,720.0,480.0444444444444,16.154666666666667
2026-04,NBR,Balancing Reserve,1440,720.0,1.9805555555555556,0.11526388888888889
2026-04,NQR,Quick Reserve,1440,720.0,284.4291666666667,4.386423611111111
2026-04,NSR,Slow Reserve,1440,720.0,5.183333333333334,0.09773611111111112
2026-04,PBR,Balancing Reserve,1440,720.0,404.58819444444447,3.6987152777777776
2026-04,PQR,Quick Reserve,1440,720.0,437.275,4.454027777777778
2026-04,PSR,Slow Reserve,1440,720.0,1796.9993055555556,4.717770833333334
2026-05,DCH,Response,186,744.0,1161.9408602150538,1.1394086021505376
2026-05,DCL,Response,186,744.0,1095.8602150537633,1.8464516129032258
2026-05,DMH,Response,186,744.0,546.9301075268817,-1.4483333333333333
2026-05,DML,Response,186,744.0,516.4354838709677,5.960430107526882
2026-05,DRH,Response,186,744.0,499.76881720430106,-11.438387096774193
2026-05,DRL,Response,186,744.0,479.9623655913978,17.178602150537632
2026-05,NBR,Balancing Reserve,1488,744.0,2.516801075268817,0.06936827956989247
2026-05,NQR,Quick Reserve,1488,744.0,304.21505376344084,2.084845430107527
2026-05,NSR,Slow Reserve,1488,744.0,5.046370967741935,0.13176075268817206
2026-05,PBR,Balancing Reserve,1488,744.0,448.2432795698925,3.430934139784946
2026-05,PQR,Quick Reserve,1488,744.0,451.13844086021504,3.2106720430107525
2026-05,PSR,Slow Reserve,1488,744.0,1801.0450268817203,3.2952083333333335
2026-06,DCH,Response,180,720.0,1289.05,2.497722222222222
2026-06,DCL,Response,180,720.0,1243.9555555555555,3.185888888888889
2026-06,DMH,Response,180,720.0,529.3277777777778,0.10516666666666664
2026-06,DML,Response,180,720.0,500.2,7.493055555555555
2026-06,DRH,Response,180,720.0,497.25555555555553,-8.556111111111111
2026-06,DRL,Response,180,720.0,479.84444444444443,18.176
2026-06,NBR,Balancing Reserve,1440,720.0,8.172222222222222,0.48291666666666666
2026-06,NQR,Quick Reserve,1440,720.0,293.0541666666667,3.088375
2026-06,NSR,Slow Reserve,1440,720.0,0.0,0.0
2026-06,PBR,Balancing Reserve,1440,720.0,447.21736111111113,5.394951388888889
2026-06,PQR,Quick Reserve,1440,720.0,425.34722222222223,4.174277777777778
2026-06,PSR,Slow Reserve,1440,720.0,1779.0444444444445,4.720347222222222
2026-07,DCH,Response,186,744.0,1493.5483870967741,2.2533333333333334
2026-07,DCL,Response,186,744.0,1494.2903225806451,3.1810215053763438
2026-07,DMH,Response,186,744.0,534.6935483870968,-0.06634408602150539
2026-07,DML,Response,186,744.0,509.31720430107526,8.036236559139786
2026-07,DRH,Response,186,744.0,497.2096774193548,-9.773602150537634
2026-07,DRL,Response,186,744.0,479.9731182795699,15.5747311827957
2026-07,NBR,Balancing Reserve,1488,744.0,24.139112903225808,0.5640725806451613
2026-07,NQR,Quick Reserve,1488,744.0,299.74059139784947,3.1150134408602153
2026-07,NSR,Slow Reserve,1488,744.0,0.0,0.0
2026-07,PBR,Balancing Reserve,1488,744.0,450.71975806451616,3.285604838709678
2026-07,PQR,Quick Reserve,1488,744.0,439.50604838709677,3.8606182795698927
2026-07,PSR,Slow Reserve,1488,744.0,1802.6001344086021,3.133272849462366
2026-08,DCH,Response,186,744.0,1494.7043010752689,2.2405913978494625
2026-08,DCL,Response,186,744.0,1494.9193548387098,3.4531720430107526
2026-08,DMH,Response,186,744.0,538.983870967742,0.020215053763440845
2026-08,DML,Response,186,744.0,509.4462365591398,8.423817204301075
2026-08,DRH,Response,186,744.0,497.7741935483871,-10.346881720430108
2026-08,DRL,Response,186,744.0,480.005376344086,13.799086021505376
2026-08,NBR,Balancing Reserve,1488,744.0,1.85752688172043,0.13707661290322581
2026-08,NQR,Quick Reserve,1488,744.0,297.41465053763443,3.528198924731183
2026-08,NSR,Slow Reserve,1488,744.0,0.0,0.0
2026-08,PBR,Balancing Reserve,1488,744.0,451.440188172043,2.4759341397849464
2026-08,PQR,Quick Reserve,1488,744.0,432.6942204301075,4.435833333333334
2026-08,PSR,Slow Reserve,1488,744.0,1802.4448924731182,3.0098252688172042
2026-09,DCH,Response,180,720.0,1495.1,3.2150555555555558
2026-09,DCL,Response,180,720.0,1494.8722222222223,5.3341666666666665
2026-09,DMH,Response,180,720.0,519.1333333333333,1.790722222222222
2026-09,DML,Response,180,720.0,510.43333333333334,10.787833333333333
2026-09,DRH,Response,180,720.0,495.9222222222222,-8.295222222222224
2026-09,DRL,Response,180,720.0,479.95,19.629277777777776
2026-09,NBR,Balancing Reserve,1440,720.0,0.13472222222222222,0.006194444444444444
2026-09,NQR,Quick Reserve,1440,720.0,277.37569444444443,4.6938402777777775
2026-09,NSR,Slow Reserve,1440,720.0,0.0,0.0
2026-09,PBR,Balancing Reserve,1440,720.0,450.65555555555557,2.6714166666666666
2026-09,PQR,Quick Reserve,1440,720.0,404.21805555555557,5.352791666666667
2026-09,PSR,Slow Reserve,1440,720.0,1802.8770833333333,2.9016319444444445
2026-10,DCH,Response,35,140.0,1494.942857142857,2.7011428571428575
2026-10,DCL,Response,35,140.0,1494.7428571428572,4.867714285714285
2026-10,DMH,Response,35,140.0,540.6,0.7188571428571429
2026-10,DML,Response,35,140.0,514.4285714285714,10.583428571428572
2026-10,DRH,Response,35,140.0,497.6,-12.247714285714286
2026-10,DRL,Response,35,140.0,480.0,17.737142857142857
2026-10,NBR,Balancing Reserve,284,142.0,0.035211267605633804,0.0
2026-10,NQR,Quick Reserve,284,142.0,284.6232394366197,3.884542253521127
2026-10,NSR,Slow Reserve,284,142.0,0.0,0.0
2026-10,PBR,Balancing Reserve,284,142.0,454.6866197183099,3.639049295774648
2026-10,PQR,Quick Reserve,284,142.0,416.17605633802816,5.809929577464788
2026-10,PSR,Slow Reserve,284,142.0,1802.369718309859,3.399788732394366
